{"cameraMode":{"drawMode":0,"name":"Shaded","section":"Shading Mode"},"sceneLighting":false,"audioPlay":false,"sceneViewState":{"m_AlwaysRefresh":false,"showFog":true,"showSkybox":false,"showFlares":true,"showImageEffects":true,"showParticleSystems":true,"showVisualEffectGraphs":true,"m_FxEnabled":true},"in2DMode":false,"pivot":{"x":-15.79971694946289,"y":1.3509999513626099,"z":-10.234000205993653},"rotation":{"x":-0.14529633522033692,"y":-0.19686703383922578,"z":0.02950931340456009,"w":-0.9691665768623352},"size":0.7810249328613281,"orthographic":false}